,CYS,MET,PHE,ILE,LEU,VAL,TRP,TYR,ALA,GLY,THR,SER,ASN,GLN,ASP,GLU,HIS,ARG,LYS,PRO
CYS,-0.509719,-0.448877,-0.558393,-0.517831,-0.562449,-0.444821,-0.443469,-0.336658,-0.256888,-0.201454,-0.194694,-0.160893,-0.124388,-0.159541,-0.100051,-0.081122,-0.260944,-0.121684,-0.037857,-0.189286
MET,,-0.512423,-0.661148,-0.588137,-0.640867,-0.493495,-0.524592,-0.438061,-0.306913,-0.232551,-0.248775,-0.183877,-0.173061,-0.220383,-0.121684,-0.164949,-0.312321,-0.196046,-0.109515,-0.240663
PHE,,,-0.75579,-0.699005,-0.758494,-0.624642,-0.607066,-0.539464,-0.424541,-0.332602,-0.352882,-0.317729,-0.281224,-0.328546,-0.244719,-0.255536,-0.419132,-0.312321,-0.228495,-0.348826
ILE,,,,-0.658443,-0.726045,-0.592194,-0.555688,-0.48403,-0.393444,-0.28528,-0.319081,-0.250127,-0.21227,-0.270408,-0.202806,-0.216326,-0.333954,-0.265,-0.181173,-0.282576
LEU,,,,,-0.770663,-0.650331,-0.604362,-0.540816,-0.438061,-0.336658,-0.360995,-0.304209,-0.279872,-0.320433,-0.233903,-0.259592,-0.388035,-0.319081,-0.229847,-0.342066
VAL,,,,,,-0.520535,-0.474566,-0.398852,-0.320433,-0.231199,-0.242015,-0.186582,-0.156837,-0.189286,-0.109515,-0.135204,-0.25824,-0.189286,-0.110867,-0.223087
TRP,,,,,,,-0.458342,-0.40426,-0.290689,-0.236607,-0.209566,-0.178469,-0.189286,-0.194694,-0.158189,-0.178469,-0.312321,-0.235255,-0.137908,-0.27852
TYR,,,,,,,,-0.33801,-0.228495,-0.181173,-0.181173,-0.150076,-0.147372,-0.175765,-0.147372,-0.151428,-0.250127,-0.201454,-0.12574,-0.20551
ALA,,,,,,,,,-0.141964,-0.086531,-0.087883,-0.045969,-0.022985,-0.029745,-0.004056,0.021633,-0.100051,-0.021633,0.048673,-0.048673
GLY,,,,,,,,,,-0.077066,-0.055434,-0.020281,-0.009464,0.001352,0.010816,0.060842,-0.064898,-0.00676,0.070306,-0.027041
THR,,,,,,,,,,,-0.060842,-0.039209,-0.028393,-0.031097,-0.017577,-0.009464,-0.101403,-0.031097,0.048673,-0.031097
SER,,,,,,,,,,,,0.0,0.012168,0.024337,0.005408,0.025689,-0.05949,0.00676,0.083826,0.01352
ASN,,,,,,,,,,,,,-0.001352,-0.005408,-0.001352,0.021633,-0.055434,0.004056,0.062194,0.018929
GLN,,,,,,,,,,,,,,0.017577,0.028393,0.033801,-0.041913,-0.017577,0.051378,-0.008112
ASP,,,,,,,,,,,,,,,0.062194,0.087883,-0.087883,-0.083826,-0.001352,0.045969
GLU,,,,,,,,,,,,,,,,0.102755,-0.064898,-0.081122,-0.017577,0.055434
HIS,,,,,,,,,,,,,,,,,-0.186582,-0.06625,0.043265,-0.078418
ARG,,,,,,,,,,,,,,,,,,0.016224,0.14602,-0.004056
LYS,,,,,,,,,,,,,,,,,,,0.209566,0.094643
PRO,,,,,,,,,,,,,,,,,,,,-0.010816
