,A,C,G,U
M_eps,1.153872,0.783588,1.162240,0.720828
M_sigmma,0.745398,0.734398,0.748897,0.731898
G_eps,1.272919,0.902635,1.281287,0.839875
G_sigmma,0.656756,0.645756,0.660255,0.643255
K_eps,0.666658,0.444487,0.671678,0.406831
K_sigmma,0.755567,0.744567,0.759067,0.742067
T_eps,1.135450,0.765166,1.143818,0.702406
T_sigmma,0.716453,0.705453,0.719953,0.702953
R_eps,2.518417,1.777849,2.535153,1.652329
R_sigmma,0.763953,0.752953,0.767453,0.750453
A_eps,1.174616,0.804332,1.182984,0.741572
A_sigmma,0.685504,0.674504,0.689004,0.672004
D_eps,1.236573,0.866289,1.244941,0.803529
D_sigmma,0.713176,0.702176,0.716676,0.699676
E_eps,1.250225,0.879941,1.258593,0.817181
E_sigmma,0.730884,0.719884,0.734384,0.717384
Y_eps,1.948041,1.577757,1.956409,1.514997
Y_sigmma,0.758682,0.747682,0.762182,0.745182
V_eps,1.082773,0.712489,1.091141,0.649729
V_sigmma,0.735300,0.724300,0.738800,0.721800
L_eps,1.094112,0.723828,1.102480,0.661068
L_sigmma,0.748704,0.737704,0.752204,0.735204
Q_eps,1.490441,1.120157,1.498809,1.057397
Q_sigmma,0.735893,0.724893,0.739393,0.722393
W_eps,2.222327,1.852043,2.230695,1.789279
W_sigmma,0.775327,0.764327,0.778827,0.761827
F_eps,1.890419,1.520135,1.898787,1.457375
F_sigmma,0.753478,0.742478,0.756978,0.739978
S_eps,1.199971,0.829687,1.208339,0.766927
S_sigmma,0.692634,0.681634,0.696134,0.679134
H_eps,1.128040,0.757756,1.136408,0.694996
H_sigmma,0.738889,0.727889,0.742389,0.725389
N_eps,1.476634,1.106354,1.485002,1.043590
N_sigmma,0.718168,0.707168,0.721668,0.704668
P_eps,1.235698,0.865414,1.244066,0.802650
P_sigmma,0.712308,0.701308,0.715808,0.698808
C_eps,1.216105,0.845821,1.224473,0.783061
C_sigmma,0.708218,0.697218,0.711718,0.694718
I_eps,1.071932,0.701644,1.080300,0.638884
I_sigmma,0.768084,0.757084,0.771584,0.754584
A_eps,2.142208,1.771924,2.150576,1.709164
A_sigmma,0.844000,0.833000,0.847500,0.830500
C_eps,,1.401640,1.780292,1.338880
C_sigmma,,0.822000,0.836500,0.819500
G_eps,,,2.158944,1.717532
G_sigmma,,,0.851000,0.834000
U_eps,,,,1.276120
U_sigmma,,,,0.817000
